id,inflection_class,pattern
0,0,0
1,1,0
2,1,9
3,1,118
4,1,236
5,1,360
6,1,468
7,1,587
8,1,827
9,1,875
10,1,925
11,2,926
12,3,1
13,4,1
14,4,10
15,4,119
16,4,237
17,4,361
18,4,469
19,4,588
20,4,828
21,4,876
22,4,925
23,5,1
24,5,11
25,5,120
26,5,238
27,5,362
28,5,470
29,5,589
30,5,829
31,5,877
32,5,925
33,7,0
34,7,121
35,7,239
36,7,471
37,7,590
38,7,925
39,8,12
40,8,121
41,8,239
42,8,827
43,8,875
44,8,925
45,9,13
46,9,121
47,9,239
48,9,830
49,9,878
50,9,925
51,10,0
52,10,14
53,10,363
54,11,1
55,11,15
56,11,364
57,12,713
58,13,2
59,13,16
60,13,122
61,13,240
62,13,365
63,13,472
64,13,591
65,13,830
66,13,878
67,13,925
68,14,1
69,14,17
70,14,123
71,14,241
72,14,366
73,14,473
74,14,592
75,14,831
76,14,879
77,14,925
78,15,1
79,15,18
80,15,124
81,15,242
82,15,367
83,15,474
84,15,593
85,15,831
86,15,879
87,15,925
88,16,1
89,16,19
90,16,123
91,16,241
92,16,368
93,16,473
94,16,592
95,16,828
96,16,876
97,16,925
98,17,3
99,17,12
100,17,121
101,17,239
102,17,369
103,17,469
104,17,588
105,17,827
106,17,875
107,17,925
108,18,3
109,18,13
110,18,121
111,18,239
112,18,370
113,18,469
114,18,588
115,18,830
116,18,878
117,18,925
118,19,1
119,19,20
120,19,370
121,20,0
122,20,21
123,20,371
124,21,1
125,21,20
126,21,238
127,21,370
128,21,589
129,21,880
130,22,0
131,22,22
132,22,243
133,22,372
134,22,594
135,22,880
136,23,2
137,23,17
138,23,119
139,23,237
140,23,373
141,23,475
142,23,595
143,23,832
144,23,881
145,23,925
146,24,0
147,24,23
148,24,125
149,24,374
150,24,476
151,24,827
152,25,0
153,25,23
154,25,126
155,25,243
156,25,374
157,25,477
158,25,594
159,25,833
160,25,882
161,25,925
162,26,0
163,26,14
164,26,126
165,26,243
166,26,363
167,26,477
168,26,594
169,26,834
170,26,883
171,26,925
172,27,714
173,27,721
174,27,749
175,27,775
176,27,802
177,27,925
178,28,1
179,28,24
180,28,127
181,28,244
182,28,375
183,28,478
184,28,596
185,28,835
186,28,884
187,28,925
188,29,0
189,29,9
190,29,360
191,30,2
192,30,25
193,30,128
194,30,245
195,30,376
196,30,479
197,30,597
198,30,836
199,30,885
200,30,925
201,31,4
202,31,129
203,31,469
204,32,1
205,32,26
206,32,130
207,32,246
208,32,377
209,32,480
210,32,598
211,32,830
212,32,878
213,32,925
214,33,1
215,33,27
216,33,131
217,33,247
218,33,378
219,33,481
220,33,599
221,33,835
222,33,884
223,33,925
224,34,1
225,34,20
226,34,127
227,34,244
228,34,370
229,34,478
230,34,596
231,34,837
232,34,886
233,34,925
234,35,1
235,35,28
236,35,132
237,35,248
238,35,379
239,35,482
240,35,600
241,35,838
242,35,887
243,35,925
244,36,1
245,36,20
246,36,120
247,36,238
248,36,370
249,36,470
250,36,589
251,36,839
252,36,880
253,36,925
254,37,3
255,38,1
256,38,29
257,38,133
258,38,249
259,38,380
260,38,483
261,38,601
262,38,835
263,38,884
264,38,925
265,39,1
266,39,20
267,39,119
268,39,237
269,39,370
270,39,469
271,39,588
272,39,830
273,39,878
274,39,925
275,40,0
276,40,30
277,40,381
278,41,0
279,41,31
280,41,382
281,42,828
282,42,876
283,42,925
284,43,0
285,43,32
286,43,134
287,43,250
288,43,383
289,43,484
290,43,602
291,43,835
292,43,884
293,43,925
294,44,0
295,44,14
296,44,135
297,44,251
298,44,363
299,44,485
300,44,603
301,44,836
302,44,885
303,44,925
304,45,0
305,45,22
306,45,372
307,46,1
308,46,33
309,46,136
310,46,252
311,46,384
312,46,486
313,46,604
314,46,828
315,46,876
316,46,925
317,47,5
318,47,34
319,47,253
320,47,385
321,47,605
322,47,878
323,48,878
324,49,1
325,49,35
326,49,137
327,49,254
328,49,386
329,49,487
330,49,606
331,49,828
332,49,876
333,49,925
334,50,1
335,50,10
336,50,361
337,51,715
338,51,722
339,51,750
340,51,776
341,51,803
342,51,925
343,52,1
344,52,25
345,52,369
346,53,0
347,53,118
348,53,468
349,54,1
350,54,20
351,54,131
352,54,247
353,54,370
354,54,481
355,54,599
356,54,838
357,54,887
358,54,925
359,55,0
360,55,138
361,55,255
362,55,488
363,55,607
364,55,925
365,56,2
366,56,18
367,56,128
368,56,245
369,56,387
370,56,479
371,56,597
372,56,830
373,56,878
374,56,925
375,57,1
376,57,36
377,57,139
378,57,256
379,57,388
380,57,489
381,57,608
382,57,840
383,57,888
384,57,925
385,58,1
386,58,25
387,58,140
388,58,257
389,58,369
390,58,490
391,58,609
392,58,841
393,58,889
394,58,925
395,59,1
396,59,36
397,59,141
398,59,258
399,59,388
400,59,491
401,59,610
402,59,827
403,59,875
404,59,925
405,60,1
406,60,37
407,60,142
408,60,259
409,60,389
410,60,492
411,60,611
412,60,834
413,60,883
414,60,925
415,61,1
416,61,20
417,61,143
418,61,260
419,61,370
420,61,493
421,61,612
422,61,842
423,61,890
424,61,925
425,62,1
426,62,38
427,62,390
428,63,1
429,63,36
430,63,388
431,64,830
432,64,878
433,64,925
434,65,1
435,65,39
436,65,144
437,65,261
438,65,391
439,65,494
440,65,613
441,65,827
442,65,875
443,65,925
444,66,1
445,66,15
446,66,145
447,66,262
448,66,364
449,66,495
450,66,614
451,66,841
452,66,889
453,66,925
454,67,3
455,67,40
456,67,146
457,67,263
458,67,376
459,67,475
460,67,595
461,67,827
462,67,875
463,67,925
464,68,0
465,68,41
466,68,147
467,68,264
468,68,392
469,68,496
470,68,615
471,68,828
472,68,876
473,68,925
474,69,714
475,70,1
476,70,42
477,70,393
478,71,0
479,71,43
480,71,148
481,71,265
482,71,394
483,71,497
484,71,616
485,71,835
486,71,884
487,71,925
488,72,713
489,72,723
490,72,751
491,72,777
492,72,804
493,72,925
494,73,1
495,73,18
496,73,149
497,73,266
498,73,367
499,73,498
500,73,617
501,73,843
502,73,891
503,73,925
504,74,0
505,74,23
506,74,125
507,74,267
508,74,374
509,74,476
510,74,618
511,74,827
512,74,875
513,74,925
514,75,716
515,76,3
516,76,44
517,76,146
518,76,263
519,76,395
520,76,475
521,76,595
522,76,830
523,76,878
524,76,925
525,77,715
526,77,724
527,77,752
528,77,778
529,77,805
530,77,925
531,78,0
532,78,9
533,78,236
534,78,360
535,78,587
536,78,875
537,79,0
538,79,21
539,79,150
540,79,371
541,79,499
542,79,827
543,80,827
544,80,875
545,80,925
546,81,0
547,81,353
548,81,706
549,82,714
550,82,725
551,82,753
552,82,779
553,82,806
554,82,925
555,83,0
556,83,14
557,83,151
558,83,268
559,83,363
560,83,500
561,83,619
562,83,844
563,83,892
564,83,925
565,84,845
566,84,893
567,84,925
568,85,1
569,85,45
570,85,152
571,85,269
572,85,396
573,85,501
574,85,620
575,85,846
576,85,894
577,85,925
578,86,714
579,86,726
580,86,754
581,86,780
582,86,807
583,86,925
584,87,0
585,87,22
586,87,153
587,87,270
588,87,372
589,87,502
590,87,621
591,87,837
592,87,886
593,87,925
594,88,0
595,88,22
596,88,154
597,88,271
598,88,372
599,88,503
600,88,622
601,88,827
602,88,875
603,88,925
604,89,1
605,89,46
606,89,155
607,89,272
608,89,397
609,89,504
610,89,623
611,89,847
612,89,895
613,89,925
614,90,925
615,91,1
616,91,156
617,91,273
618,91,505
619,91,624
620,91,925
621,92,3
622,92,146
623,92,263
624,92,475
625,92,595
626,92,925
627,93,1
628,93,136
629,93,486
630,94,1
631,94,20
632,94,155
633,94,272
634,94,370
635,94,504
636,94,623
637,94,848
638,94,896
639,94,925
640,95,1
641,95,354
642,95,707
643,96,1
644,96,47
645,96,157
646,96,274
647,96,398
648,96,506
649,96,625
650,96,828
651,96,876
652,96,925
653,97,1
654,97,48
655,97,158
656,97,275
657,97,399
658,97,507
659,97,626
660,97,828
661,97,876
662,97,925
663,98,849
664,98,897
665,98,925
666,99,6
667,99,49
668,99,159
669,99,276
670,99,400
671,99,508
672,99,627
673,99,850
674,99,898
675,99,925
676,100,6
677,101,1
678,101,19
679,101,160
680,101,277
681,101,368
682,101,509
683,101,628
684,101,835
685,101,884
686,101,925
687,102,1
688,102,19
689,102,161
690,102,278
691,102,368
692,102,510
693,102,629
694,102,851
695,102,899
696,102,925
697,103,1
698,103,50
699,103,155
700,103,272
701,103,401
702,103,504
703,103,623
704,103,835
705,103,884
706,103,925
707,104,1
708,104,51
709,104,402
710,105,2
711,106,723
712,107,1
713,107,161
714,107,278
715,107,510
716,107,629
717,107,925
718,108,1
719,108,162
720,108,279
721,108,511
722,108,630
723,108,925
724,109,0
725,109,30
726,109,118
727,109,236
728,109,381
729,109,468
730,109,587
731,109,852
732,109,900
733,109,925
734,110,0
735,110,30
736,110,163
737,110,280
738,110,381
739,110,512
740,110,631
741,110,827
742,110,875
743,110,925
744,111,1
745,111,28
746,111,164
747,111,281
748,111,379
749,111,513
750,111,632
751,111,837
752,111,886
753,111,925
754,112,2
755,112,131
756,112,247
757,112,514
758,112,633
759,112,925
760,113,165
761,114,715
762,114,727
763,114,755
764,114,781
765,114,808
766,114,925
767,115,52
768,116,0
769,116,32
770,116,383
771,117,1
772,117,53
773,117,403
774,118,715
775,118,728
776,118,756
777,118,782
778,118,809
779,118,925
780,119,1
781,119,20
782,119,123
783,119,241
784,119,370
785,119,473
786,119,592
787,119,853
788,119,901
789,119,925
790,120,2
791,120,54
792,120,128
793,120,245
794,120,404
795,120,479
796,120,597
797,120,828
798,120,876
799,120,925
800,121,1
801,121,55
802,121,166
803,121,282
804,121,405
805,121,515
806,121,634
807,121,833
808,121,882
809,121,925
810,122,715
811,122,729
812,122,757
813,122,783
814,122,810
815,122,925
816,123,1
817,123,25
818,123,120
819,123,238
820,123,369
821,123,470
822,123,589
823,123,834
824,123,883
825,123,925
826,124,1
827,124,25
828,124,119
829,124,238
830,124,369
831,124,469
832,124,589
833,124,827
834,124,883
835,124,926
836,125,1
837,125,25
838,125,119
839,125,237
840,125,369
841,125,469
842,125,588
843,125,827
844,125,875
845,125,925
846,126,13
847,127,1
848,127,18
849,127,367
850,128,841
851,128,889
852,128,925
853,129,3
854,129,56
855,129,146
856,129,263
857,129,406
858,129,475
859,129,595
860,129,828
861,129,876
862,129,925
863,130,472
864,131,1
865,131,155
866,131,272
867,131,504
868,131,623
869,131,925
870,132,715
871,133,0
872,133,14
873,133,167
874,133,283
875,133,363
876,133,516
877,133,635
878,133,841
879,133,889
880,133,925
881,134,1
882,134,57
883,134,168
884,134,284
885,134,407
886,134,517
887,134,636
888,134,835
889,134,884
890,134,925
891,135,715
892,135,730
893,135,758
894,135,784
895,135,811
896,135,925
897,136,1
898,136,19
899,136,160
900,136,368
901,136,509
902,136,835
903,137,716
904,137,731
905,137,759
906,137,785
907,137,812
908,137,925
909,138,1
910,138,15
911,138,285
912,138,364
913,138,637
914,138,883
915,139,1
916,139,58
917,139,169
918,139,286
919,139,408
920,139,518
921,139,638
922,139,834
923,139,883
924,139,925
925,140,0
926,140,59
927,140,409
928,141,1
929,141,60
930,141,170
931,141,287
932,141,410
933,141,519
934,141,639
935,141,835
936,141,884
937,141,925
938,142,1
939,142,61
940,142,171
941,142,288
942,142,411
943,142,520
944,142,640
945,142,835
946,142,884
947,142,925
948,143,1
949,143,119
950,143,237
951,143,469
952,143,588
953,143,925
954,144,2
955,144,119
956,144,237
957,144,475
958,144,595
959,144,925
960,145,1
961,145,29
962,145,249
963,145,380
964,145,601
965,145,884
966,146,1
967,146,62
968,146,172
969,146,289
970,146,412
971,146,521
972,146,641
973,146,846
974,146,894
975,146,925
976,147,1
977,147,63
978,147,120
979,147,238
980,147,413
981,147,470
982,147,589
983,147,827
984,147,875
985,147,925
986,148,64
987,148,120
988,148,238
989,148,830
990,148,878
991,148,925
992,149,0
993,149,30
994,149,173
995,149,290
996,149,381
997,149,522
998,149,642
999,149,834
1000,149,883
1001,149,925
1002,150,1
1003,150,65
1004,150,174
1005,150,291
1006,150,414
1007,150,523
1008,150,643
1009,150,835
1010,150,884
1011,150,925
1012,151,1
1013,151,123
1014,151,241
1015,151,473
1016,151,592
1017,151,925
1018,152,2
1019,152,63
1020,152,120
1021,152,238
1022,152,369
1023,152,469
1024,152,588
1025,152,827
1026,152,875
1027,152,925
1028,153,2
1029,153,64
1030,153,120
1031,153,238
1032,153,370
1033,153,469
1034,153,588
1035,153,830
1036,153,878
1037,153,925
1038,154,0
1039,154,66
1040,154,153
1041,154,270
1042,154,415
1043,154,502
1044,154,621
1045,154,835
1046,154,884
1047,154,925
1048,155,1
1049,155,20
1050,155,119
1051,155,238
1052,155,370
1053,155,469
1054,155,589
1055,155,830
1056,155,880
1057,155,926
1058,156,1
1059,156,67
1060,156,175
1061,156,292
1062,156,416
1063,156,524
1064,156,644
1065,156,828
1066,156,876
1067,156,925
1068,157,3
1069,157,12
1070,157,369
1071,158,1
1072,158,11
1073,158,362
1074,159,1
1075,159,68
1076,159,176
1077,159,293
1078,159,417
1079,159,525
1080,159,645
1081,159,828
1082,159,876
1083,159,925
1084,160,854
1085,160,902
1086,160,925
1087,161,3
1088,161,69
1089,161,177
1090,161,294
1091,161,418
1092,161,526
1093,161,646
1094,161,835
1095,161,884
1096,161,925
1097,162,1
1098,162,70
1099,162,178
1100,162,295
1101,162,419
1102,162,527
1103,162,647
1104,162,833
1105,162,882
1106,162,925
1107,163,0
1108,163,71
1109,163,179
1110,163,296
1111,163,420
1112,163,528
1113,163,648
1114,163,838
1115,163,887
1116,163,925
1117,164,1
1118,164,18
1119,164,180
1120,164,297
1121,164,367
1122,164,529
1123,164,649
1124,164,838
1125,164,887
1126,164,925
1127,165,0
1128,165,118
1129,165,236
1130,165,468
1131,165,587
1132,165,925
1133,166,3
1134,166,40
1135,166,181
1136,166,376
1137,166,530
1138,166,849
1139,167,1
1140,167,72
1141,167,182
1142,167,298
1143,167,421
1144,167,531
1145,167,650
1146,167,828
1147,167,876
1148,167,925
1149,168,1
1150,168,73
1151,168,183
1152,168,299
1153,168,422
1154,168,532
1155,168,651
1156,168,827
1157,168,875
1158,168,925
1159,169,0
1160,169,59
1161,169,290
1162,169,409
1163,169,642
1164,169,884
1165,170,1
1166,170,51
1167,170,184
1168,170,300
1169,170,402
1170,170,533
1171,170,652
1172,170,828
1173,170,876
1174,170,925
1175,171,1
1176,171,20
1177,171,165
1178,171,301
1179,171,370
1180,171,534
1181,171,653
1182,171,829
1183,171,877
1184,171,925
1185,172,1
1186,172,74
1187,172,185
1188,172,302
1189,172,423
1190,172,535
1191,172,654
1192,172,827
1193,172,875
1194,172,925
1195,173,1
1196,173,20
1197,173,124
1198,173,242
1199,173,370
1200,173,474
1201,173,593
1202,173,855
1203,173,903
1204,173,925
1205,174,1
1206,174,28
1207,174,162
1208,174,279
1209,174,379
1210,174,511
1211,174,630
1212,174,855
1213,174,903
1214,174,925
1215,175,1
1216,175,186
1217,175,303
1218,175,536
1219,175,655
1220,175,925
1221,176,1
1222,176,164
1223,176,281
1224,176,513
1225,176,632
1226,176,925
1227,177,1
1228,177,20
1229,177,172
1230,177,289
1231,177,370
1232,177,521
1233,177,641
1234,177,856
1235,177,904
1236,177,925
1237,178,835
1238,178,884
1239,178,925
1240,179,6
1241,179,159
1242,179,276
1243,179,508
1244,179,627
1245,179,925
1246,180,6
1247,180,187
1248,180,304
1249,180,537
1250,180,656
1251,180,925
1252,181,2
1253,181,20
1254,181,395
1255,182,2
1256,182,122
1257,182,240
1258,182,472
1259,182,591
1260,182,925
1261,183,1
1262,183,75
1263,183,424
1264,184,1
1265,184,119
1266,184,469
1267,185,366
1268,185,469
1269,185,588
1270,185,832
1271,185,881
1272,185,925
1273,186,1
1274,186,76
1275,186,244
1276,186,425
1277,186,596
1278,186,905
1279,187,1
1280,187,77
1281,187,127
1282,187,244
1283,187,426
1284,187,478
1285,187,596
1286,187,857
1287,187,906
1288,187,925
1289,188,1
1290,188,78
1291,188,427
1292,189,836
1293,189,885
1294,189,925
1295,190,2
1296,190,18
1297,190,387
1298,191,0
1299,191,14
1300,191,243
1301,191,363
1302,191,594
1303,191,883
1304,192,3
1305,192,44
1306,192,395
1307,193,1
1308,193,76
1309,193,428
1310,194,2
1311,194,10
1312,194,119
1313,194,237
1314,194,406
1315,194,475
1316,194,595
1317,194,828
1318,194,876
1319,194,925
1320,195,0
1321,195,31
1322,195,188
1323,195,305
1324,195,382
1325,195,538
1326,195,657
1327,195,828
1328,195,876
1329,195,925
1330,196,1
1331,196,189
1332,196,285
1333,196,355
1334,196,539
1335,196,637
1336,196,708
1337,196,925
1338,196,934
1339,196,936
1340,197,0
1341,197,22
1342,197,188
1343,197,305
1344,197,372
1345,197,538
1346,197,657
1347,197,830
1348,197,878
1349,197,925
1350,198,0
1351,198,14
1352,198,126
1353,198,363
1354,198,477
1355,198,834
1356,199,0
1357,199,14
1358,199,138
1359,199,255
1360,199,363
1361,199,488
1362,199,607
1363,199,847
1364,199,895
1365,199,925
1366,200,830
1367,201,1
1368,201,79
1369,201,190
1370,201,306
1371,201,429
1372,201,540
1373,201,658
1374,201,827
1375,201,875
1376,201,925
1377,202,1
1378,202,120
1379,202,470
1380,203,1
1381,203,15
1382,203,189
1383,203,285
1384,203,364
1385,203,539
1386,203,637
1387,203,834
1388,203,883
1389,203,925
1390,204,0
1391,204,14
1392,204,188
1393,204,305
1394,204,363
1395,204,538
1396,204,657
1397,204,827
1398,204,875
1399,204,925
1400,205,3
1401,205,146
1402,205,475
1403,206,0
1404,206,80
1405,206,118
1406,206,236
1407,206,430
1408,206,468
1409,206,587
1410,206,858
1411,206,907
1412,206,925
1413,207,3
1414,207,191
1415,207,307
1416,207,541
1417,207,659
1418,207,925
1419,208,1
1420,208,160
1421,208,277
1422,208,509
1423,208,628
1424,208,925
1425,209,1
1426,209,51
1427,209,192
1428,209,308
1429,209,402
1430,209,542
1431,209,660
1432,209,835
1433,209,884
1434,209,925
1435,210,2
1436,210,20
1437,210,131
1438,210,247
1439,210,395
1440,210,514
1441,210,633
1442,210,838
1443,210,887
1444,210,925
1445,211,2
1446,211,64
1447,211,370
1448,212,3
1449,212,13
1450,212,370
1451,213,1
1452,213,19
1453,213,368
1454,214,3
1455,214,121
1456,214,239
1457,214,469
1458,214,588
1459,214,925
1460,215,0
1461,215,163
1462,215,280
1463,215,512
1464,215,631
1465,215,925
1466,216,0
1467,216,22
1468,216,193
1469,216,309
1470,216,372
1471,216,543
1472,216,661
1473,216,838
1474,216,887
1475,216,925
1476,217,1
1477,217,29
1478,217,380
1479,218,0
1480,218,81
1481,218,431
1482,219,1
1483,219,24
1484,219,375
1485,220,715
1486,220,732
1487,220,760
1488,220,786
1489,220,813
1490,220,925
1491,221,1
1492,221,143
1493,221,260
1494,221,493
1495,221,612
1496,221,925
1497,222,1
1498,222,127
1499,222,244
1500,222,478
1501,222,596
1502,222,925
1503,223,0
1504,223,153
1505,223,270
1506,223,502
1507,223,621
1508,223,925
1509,224,389
1510,224,480
1511,224,598
1512,224,827
1513,224,875
1514,224,925
1515,225,377
1516,225,480
1517,225,598
1518,225,830
1519,225,878
1520,225,925
1521,226,1
1522,226,20
1523,226,137
1524,226,254
1525,226,370
1526,226,487
1527,226,606
1528,226,843
1529,226,891
1530,226,925
1531,227,2
1532,227,63
1533,227,369
1534,228,2
1535,228,20
1536,228,119
1537,228,237
1538,228,395
1539,228,475
1540,228,595
1541,228,830
1542,228,878
1543,228,925
1544,229,1
1545,229,36
1546,229,141
1547,229,388
1548,229,491
1549,229,827
1550,230,1
1551,230,16
1552,230,194
1553,230,310
1554,230,432
1555,230,544
1556,230,662
1557,230,831
1558,230,879
1559,230,925
1560,231,1
1561,231,38
1562,231,141
1563,231,258
1564,231,390
1565,231,491
1566,231,610
1567,231,834
1568,231,883
1569,231,925
1570,232,0
1571,232,126
1572,232,243
1573,232,356
1574,232,477
1575,232,594
1576,232,709
1577,232,925
1578,232,934
1579,232,936
1580,233,1
1581,233,18
1582,233,175
1583,233,292
1584,233,367
1585,233,524
1586,233,644
1587,233,853
1588,233,901
1589,233,925
1590,234,1
1591,234,82
1592,234,433
1593,235,1
1594,235,127
1595,235,478
1596,236,1
1597,236,195
1598,236,311
1599,236,545
1600,236,663
1601,236,925
1602,237,713
1603,237,733
1604,237,761
1605,237,787
1606,237,814
1607,237,925
1608,238,716
1609,238,734
1610,238,762
1611,238,788
1612,238,802
1613,238,927
1614,239,0
1615,239,83
1616,239,196
1617,239,312
1618,239,434
1619,239,546
1620,239,664
1621,239,835
1622,239,884
1623,239,925
1624,240,715
1625,240,730
1626,240,784
1627,241,1
1628,241,36
1629,241,197
1630,241,313
1631,241,388
1632,241,547
1633,241,665
1634,241,859
1635,241,908
1636,241,925
1637,242,716
1638,242,735
1639,242,763
1640,242,789
1641,242,815
1642,242,925
1643,243,1
1644,243,198
1645,243,548
1646,244,3
1647,244,13
1648,244,146
1649,244,263
1650,244,370
1651,244,475
1652,244,595
1653,244,860
1654,244,909
1655,244,925
1656,245,1
1657,245,84
1658,245,162
1659,245,279
1660,245,435
1661,245,511
1662,245,630
1663,245,831
1664,245,879
1665,245,925
1666,246,827
1667,246,883
1668,246,926
1669,247,1
1670,247,28
1671,247,379
1672,248,1
1673,248,25
1674,248,128
1675,248,245
1676,248,369
1677,248,549
1678,248,666
1679,248,836
1680,248,885
1681,248,925
1682,249,1
1683,249,85
1684,249,199
1685,249,314
1686,249,436
1687,249,550
1688,249,667
1689,249,828
1690,249,876
1691,249,925
1692,250,1
1693,250,37
1694,250,200
1695,250,259
1696,250,389
1697,250,551
1698,250,611
1699,250,861
1700,250,883
1701,250,928
1702,251,3
1703,251,86
1704,251,201
1705,251,315
1706,251,437
1707,251,552
1708,251,668
1709,251,835
1710,251,884
1711,251,925
1712,252,3
1713,252,87
1714,252,202
1715,252,438
1716,252,553
1717,252,835
1718,253,3
1719,253,87
1720,253,191
1721,253,307
1722,253,438
1723,253,541
1724,253,659
1725,253,828
1726,253,876
1727,253,925
1728,254,6
1729,254,203
1730,254,316
1731,254,554
1732,254,669
1733,254,925
1734,255,1
1735,255,19
1736,255,123
1737,255,368
1738,255,473
1739,255,828
1740,256,713
1741,256,736
1742,256,764
1743,256,790
1744,256,816
1745,256,925
1746,257,0
1747,257,163
1748,257,512
1749,258,1
1750,258,88
1751,258,161
1752,258,278
1753,258,439
1754,258,510
1755,258,629
1756,258,831
1757,258,879
1758,258,925
1759,259,937
1760,260,715
1761,260,737
1762,260,765
1763,260,791
1764,260,817
1765,260,925
1766,261,1
1767,261,89
1768,261,440
1769,262,1
1770,262,39
1771,262,391
1772,263,3
1773,263,204
1774,263,555
1775,264,715
1776,264,738
1777,264,762
1778,264,780
1779,264,807
1780,264,925
1781,265,1
1782,265,70
1783,265,205
1784,265,317
1785,265,419
1786,265,556
1787,265,670
1788,265,862
1789,265,910
1790,265,925
1791,266,0
1792,266,59
1793,266,236
1794,266,409
1795,266,587
1796,266,911
1797,267,1
1798,267,238
1799,267,589
1800,268,1
1801,268,140
1802,268,257
1803,268,490
1804,268,609
1805,268,925
1806,269,0
1807,269,14
1808,269,188
1809,269,243
1810,269,363
1811,269,538
1812,269,594
1813,269,827
1814,269,883
1815,269,926
1816,270,1
1817,270,90
1818,270,441
1819,271,1
1820,271,166
1821,271,282
1822,271,515
1823,271,634
1824,271,925
1825,272,0
1826,272,91
1827,272,206
1828,272,318
1829,272,442
1830,272,557
1831,272,671
1832,272,828
1833,272,876
1834,272,925
1835,273,1
1836,273,120
1837,273,238
1838,273,470
1839,273,589
1840,273,925
1841,274,715
1842,274,739
1843,274,766
1844,274,792
1845,274,818
1846,274,925
1847,275,1
1848,275,28
1849,275,207
1850,275,319
1851,275,379
1852,275,558
1853,275,672
1854,275,830
1855,275,878
1856,275,925
1857,276,1
1858,276,20
1859,276,208
1860,276,320
1861,276,370
1862,276,559
1863,276,673
1864,276,835
1865,276,884
1866,276,925
1867,277,376
1868,277,530
1869,277,849
1870,278,713
1871,278,718
1872,278,723
1873,278,751
1874,278,774
1875,278,777
1876,278,804
1877,278,827
1878,278,875
1879,278,925
1880,279,0
1881,279,66
1882,279,415
1883,280,0
1884,280,356
1885,280,709
1886,281,1
1887,281,37
1888,281,389
1889,282,2
1890,282,92
1891,282,209
1892,282,321
1893,282,437
1894,282,552
1895,282,668
1896,282,835
1897,282,884
1898,282,925
1899,283,846
1900,284,3
1901,284,40
1902,284,376
1903,285,715
1904,285,740
1905,285,767
1906,285,793
1907,285,819
1908,285,925
1909,286,3
1910,286,93
1911,286,210
1912,286,322
1913,286,443
1914,286,560
1915,286,674
1916,286,830
1917,286,878
1918,286,925
1919,287,367
1920,287,549
1921,287,666
1922,287,830
1923,287,878
1924,287,925
1925,288,369
1926,288,549
1927,288,666
1928,288,836
1929,288,885
1930,288,925
1931,289,1
1932,289,94
1933,289,186
1934,289,303
1935,289,444
1936,289,536
1937,289,655
1938,289,828
1939,289,876
1940,289,925
1941,290,1
1942,290,28
1943,290,211
1944,290,323
1945,290,379
1946,290,561
1947,290,675
1948,290,863
1949,290,912
1950,290,925
1951,291,1
1952,291,95
1953,291,445
1954,292,1
1955,292,96
1956,292,209
1957,292,321
1958,292,446
1959,292,562
1960,292,676
1961,292,847
1962,292,895
1963,292,925
1964,293,0
1965,293,188
1966,293,305
1967,293,538
1968,293,657
1969,293,925
1970,294,0
1971,294,22
1972,294,125
1973,294,267
1974,294,372
1975,294,476
1976,294,618
1977,294,864
1978,294,913
1979,294,925
1980,295,713
1981,295,741
1982,295,768
1983,295,794
1984,295,820
1985,295,925
1986,296,1
1987,296,97
1988,296,447
1989,297,1
1990,297,24
1991,297,131
1992,297,247
1993,297,375
1994,297,481
1995,297,599
1996,297,846
1997,297,894
1998,297,925
1999,298,3
2000,298,44
2001,298,121
2002,298,239
2003,298,395
2004,298,469
2005,298,588
2006,298,839
2007,298,880
2008,298,925
2009,299,367
2010,300,1
2011,300,132
2012,300,482
2013,301,1
2014,301,98
2015,301,141
2016,301,258
2017,301,448
2018,301,491
2019,301,610
2020,301,839
2021,301,880
2022,301,925
2023,302,1
2024,302,178
2025,302,295
2026,302,527
2027,302,647
2028,302,925
2029,303,3
2030,303,40
2031,303,181
2032,303,324
2033,303,376
2034,303,530
2035,303,677
2036,303,849
2037,303,897
2038,303,925
2039,304,839
2040,304,880
2041,304,925
2042,305,2
2043,305,25
2044,305,376
2045,306,1
2046,306,99
2047,306,212
2048,306,325
2049,306,449
2050,306,563
2051,306,678
2052,306,827
2053,306,875
2054,306,925
2055,307,0
2056,307,100
2057,307,153
2058,307,270
2059,307,450
2060,307,502
2061,307,621
2062,307,865
2063,307,914
2064,307,925
2065,308,1
2066,308,123
2067,308,473
2068,309,5
2069,310,828
2070,311,0
2071,311,101
2072,311,153
2073,311,270
2074,311,451
2075,311,502
2076,311,621
2077,311,866
2078,311,915
2079,311,925
2080,312,835
2081,313,1
2082,313,24
2083,313,131
2084,313,375
2085,313,481
2086,313,846
2087,314,6
2088,314,213
2089,314,326
2090,314,564
2091,314,679
2092,314,925
2093,315,850
2094,315,898
2095,315,925
2096,316,2
2097,316,20
2098,316,120
2099,316,238
2100,316,395
2101,316,469
2102,316,588
2103,316,839
2104,316,880
2105,316,925
2106,317,1
2107,317,82
2108,317,141
2109,317,258
2110,317,433
2111,317,491
2112,317,610
2113,317,864
2114,317,913
2115,317,925
2116,318,54
2117,319,1
2118,319,20
2119,319,120
2120,319,370
2121,319,470
2122,319,839
2123,320,0
2124,320,30
2125,320,236
2126,320,381
2127,320,587
2128,320,900
2129,321,1
2130,321,25
2131,321,197
2132,321,313
2133,321,369
2134,321,547
2135,321,665
2136,321,845
2137,321,893
2138,321,925
2139,322,0
2140,322,71
2141,322,420
2142,323,0
2143,323,173
2144,323,522
2145,324,3
2146,324,121
2147,324,469
2148,325,0
2149,325,9
2150,325,118
2151,325,360
2152,325,468
2153,325,827
2154,326,0
2155,326,30
2156,326,118
2157,326,381
2158,326,468
2159,326,852
2160,327,6
2161,327,49
2162,327,400
2163,328,1
2164,328,102
2165,328,452
2166,329,2
2167,329,20
2168,329,238
2169,329,395
2170,329,588
2171,329,880
2172,330,1
2173,330,61
2174,330,411
2175,331,829
2176,332,742
2177,333,0
2178,333,21
2179,333,163
2180,333,280
2181,333,371
2182,333,512
2183,333,631
2184,333,830
2185,333,878
2186,333,925
2187,334,2
2188,334,54
2189,334,404
2190,335,2
2191,335,25
2192,335,120
2193,335,238
2194,335,376
2195,335,469
2196,335,588
2197,335,834
2198,335,883
2199,335,925
2200,336,1
2201,336,55
2202,336,405
2203,337,0
2204,337,41
2205,337,392
2206,338,1
2207,338,16
2208,338,432
2209,339,0
2210,339,31
2211,339,214
2212,339,327
2213,339,382
2214,339,565
2215,339,680
2216,339,835
2217,339,884
2218,339,925
2219,340,716
2220,340,738
2221,340,762
2222,340,775
2223,340,802
2224,340,925
2225,341,0
2226,341,147
2227,341,496
2228,342,0
2229,342,215
2230,342,566
2231,343,3
2232,343,44
2233,343,263
2234,343,395
2235,343,595
2236,343,878
2237,344,1
2238,344,62
2239,344,412
2240,345,1
2241,345,36
2242,345,258
2243,345,388
2244,345,610
2245,345,875
2246,346,0
2247,346,30
2248,346,290
2249,346,381
2250,346,642
2251,346,883
2252,347,5
2253,347,253
2254,347,605
2255,348,884
2256,349,714
2257,349,743
2258,349,769
2259,349,795
2260,349,821
2261,349,925
2262,350,1
2263,350,132
2264,350,248
2265,350,482
2266,350,600
2267,350,925
2268,351,1
2269,351,216
2270,351,328
2271,351,567
2272,351,681
2273,351,925
2274,352,3
2275,352,40
2276,352,324
2277,352,376
2278,352,677
2279,352,897
2280,353,1
2281,353,29
2282,353,329
2283,353,380
2284,353,682
2285,353,911
2286,354,0
2287,354,83
2288,354,196
2289,354,434
2290,354,546
2291,354,835
2292,355,847
2293,356,0
2294,356,14
2295,356,217
2296,356,330
2297,356,363
2298,356,568
2299,356,683
2300,356,867
2301,356,916
2302,356,925
2303,357,1
2304,357,103
2305,357,331
2306,357,453
2307,357,684
2308,357,917
2309,358,1
2310,358,218
2311,358,331
2312,358,569
2313,358,684
2314,358,925
2315,359,839
2316,360,714
2317,360,744
2318,360,770
2319,360,789
2320,360,815
2321,360,925
2322,361,3
2323,361,13
2324,361,239
2325,361,370
2326,361,588
2327,361,878
2328,362,1
2329,362,102
2330,362,332
2331,362,452
2332,362,685
2333,362,884
2334,363,1
2335,363,285
2336,363,637
2337,364,2
2338,364,20
2339,364,120
2340,364,395
2341,364,469
2342,364,839
2343,365,0
2344,365,21
2345,365,173
2346,365,371
2347,365,522
2348,365,839
2349,366,715
2350,366,745
2351,366,771
2352,366,796
2353,366,822
2354,366,925
2355,367,0
2356,367,21
2357,367,173
2358,367,290
2359,367,371
2360,367,522
2361,367,642
2362,367,839
2363,367,880
2364,367,925
2365,368,3
2366,368,12
2367,368,121
2368,368,369
2369,368,469
2370,368,827
2371,369,369
2372,369,490
2373,369,609
2374,369,841
2375,369,889
2376,369,925
2377,370,846
2378,370,894
2379,370,925
2380,371,0
2381,371,104
2382,371,219
2383,371,333
2384,371,454
2385,371,570
2386,371,686
2387,371,835
2388,371,884
2389,371,925
2390,372,1
2391,372,105
2392,372,220
2393,372,334
2394,372,455
2395,372,571
2396,372,687
2397,372,834
2398,372,883
2399,372,925
2400,373,716
2401,373,746
2402,373,772
2403,373,797
2404,373,823
2405,373,925
2406,374,2
2407,374,120
2408,374,469
2409,375,845
2410,376,716
2411,376,734
2412,376,766
2413,376,788
2414,376,807
2415,376,929
2416,377,0
2417,377,151
2418,377,268
2419,377,500
2420,377,619
2421,377,925
2422,378,0
2423,378,30
2424,378,163
2425,378,381
2426,378,512
2427,378,827
2428,379,1
2429,379,25
2430,379,119
2431,379,369
2432,379,469
2433,379,827
2434,380,1
2435,380,20
2436,380,119
2437,380,370
2438,380,469
2439,380,830
2440,381,0
2441,381,173
2442,381,290
2443,381,522
2444,381,642
2445,381,925
2446,382,1
2447,382,60
2448,382,410
2449,383,1
2450,383,63
2451,383,413
2452,384,1
2453,384,20
2454,384,335
2455,384,370
2456,384,688
2457,384,918
2458,385,1
2459,385,25
2460,385,257
2461,385,369
2462,385,609
2463,385,889
2464,386,1
2465,386,199
2466,386,314
2467,386,550
2468,386,667
2469,386,925
2470,387,1
2471,387,37
2472,387,259
2473,387,389
2474,387,611
2475,387,883
2476,388,3
2477,388,87
2478,388,202
2479,388,336
2480,388,438
2481,388,553
2482,388,689
2483,388,835
2484,388,884
2485,388,925
2486,389,1
2487,389,51
2488,389,308
2489,389,402
2490,389,660
2491,389,884
2492,390,0
2493,390,43
2494,390,265
2495,390,394
2496,390,616
2497,390,884
2498,391,832
2499,392,1
2500,392,68
2501,392,293
2502,392,417
2503,392,645
2504,392,876
2505,393,1
2506,393,36
2507,393,189
2508,393,285
2509,393,388
2510,393,539
2511,393,637
2512,393,833
2513,393,882
2514,393,925
2515,394,851
2516,394,899
2517,394,925
2518,395,1
2519,395,85
2520,395,436
2521,396,1
2522,396,10
2523,396,237
2524,396,361
2525,396,588
2526,396,876
2527,397,387
2528,398,1
2529,398,20
2530,398,127
2531,398,370
2532,398,478
2533,398,837
2534,399,2
2535,399,17
2536,399,373
2537,400,1
2538,400,18
2539,400,128
2540,400,245
2541,400,367
2542,400,549
2543,400,666
2544,400,830
2545,400,878
2546,400,925
2547,401,1
2548,401,27
2549,401,378
2550,402,1
2551,402,26
2552,402,246
2553,402,377
2554,402,598
2555,402,878
2556,403,0
2557,403,22
2558,403,153
2559,403,372
2560,403,502
2561,403,837
2562,404,715
2563,404,747
2564,404,798
2565,405,1
2566,405,106
2567,405,456
2568,406,1
2569,406,20
2570,406,260
2571,406,370
2572,406,612
2573,406,890
2574,407,1
2575,407,20
2576,407,199
2577,407,314
2578,407,370
2579,407,550
2580,407,667
2581,407,863
2582,407,912
2583,407,925
2584,408,1
2585,408,107
2586,408,457
2587,409,1
2588,409,141
2589,409,258
2590,409,491
2591,409,610
2592,409,925
2593,410,1
2594,410,221
2595,410,337
2596,410,572
2597,410,690
2598,410,925
2599,411,7
2600,411,108
2601,411,369
2602,412,1
2603,412,61
2604,412,171
2605,412,411
2606,412,520
2607,412,835
2608,413,715
2609,413,724
2610,413,778
2611,414,844
2612,414,892
2613,414,925
2614,415,2
2615,415,222
2616,415,238
2617,415,573
2618,415,588
2619,415,929
2620,416,122
2621,416,240
2622,416,925
2623,417,4
2624,418,715
2625,418,727
2626,418,781
2627,419,715
2628,419,766
2629,419,818
2630,420,1
2631,420,94
2632,420,444
2633,421,715
2634,421,735
2635,421,799
2636,422,1
2637,422,357
2638,422,710
2639,423,3
2640,423,40
2641,423,121
2642,423,239
2643,423,376
2644,423,469
2645,423,588
2646,423,834
2647,423,883
2648,423,925
2649,424,3
2650,424,12
2651,424,239
2652,424,369
2653,424,588
2654,424,875
2655,425,717
2656,425,726
2657,425,754
2658,425,787
2659,425,814
2660,425,925
2661,426,713
2662,426,726
2663,426,754
2664,426,800
2665,426,824
2666,426,925
2667,427,719
2668,427,726
2669,427,754
2670,427,827
2671,427,875
2672,427,925
2673,428,720
2674,428,726
2675,428,754
2676,428,830
2677,428,878
2678,428,925
2679,429,1
2680,429,24
2681,429,244
2682,429,375
2683,429,596
2684,429,884
2685,430,1
2686,430,128
2687,430,245
2688,430,549
2689,430,666
2690,430,925
2691,431,54
2692,431,128
2693,431,245
2694,431,828
2695,431,876
2696,431,925
2697,432,404
2698,432,479
2699,432,597
2700,432,828
2701,432,876
2702,432,925
2703,433,1
2704,433,109
2705,433,338
2706,433,458
2707,433,691
2708,433,878
2709,434,1
2710,434,33
2711,434,384
2712,435,1
2713,435,27
2714,435,247
2715,435,378
2716,435,599
2717,435,884
2718,436,1
2719,436,20
2720,436,223
2721,436,335
2722,436,370
2723,436,574
2724,436,688
2725,436,868
2726,436,918
2727,436,925
2728,437,713
2729,437,723
2730,437,777
2731,438,3
2732,438,44
2733,438,224
2734,438,339
2735,438,395
2736,438,575
2737,438,692
2738,438,837
2739,438,886
2740,438,925
2741,439,3
2742,439,44
2743,439,239
2744,439,395
2745,439,588
2746,439,880
2747,440,0
2748,440,23
2749,440,374
2750,441,714
2751,441,721
2752,441,754
2753,441,775
2754,441,807
2755,441,926
2756,442,860
2757,442,878
2758,442,926
2759,443,3
2760,443,224
2761,443,339
2762,443,575
2763,443,692
2764,443,925
2765,444,0
2766,444,14
2767,444,255
2768,444,363
2769,444,607
2770,444,895
2771,445,1
2772,445,25
2773,445,238
2774,445,369
2775,445,589
2776,445,883
2777,446,919
2778,447,2
2779,447,110
2780,447,119
2781,447,238
2782,447,459
2783,447,475
2784,447,588
2785,447,869
2786,447,919
2787,447,926
2788,448,2
2789,448,209
2790,448,321
2791,448,552
2792,448,668
2793,448,925
2794,449,1
2795,449,111
2796,449,120
2797,449,238
2798,449,460
2799,449,470
2800,449,589
2801,449,870
2802,449,920
2803,449,925
2804,450,930
2805,451,376
2806,451,479
2807,451,597
2808,451,836
2809,451,885
2810,451,925
2811,452,1
2812,452,112
2813,452,172
2814,452,289
2815,452,461
2816,452,521
2817,452,641
2818,452,871
2819,452,921
2820,452,925
2821,453,0
2822,453,100
2823,453,450
2824,454,1
2825,454,111
2826,454,127
2827,454,244
2828,454,462
2829,454,478
2830,454,596
2831,454,865
2832,454,914
2833,454,925
2834,455,1
2835,455,77
2836,455,426
2837,456,1
2838,456,75
2839,456,225
2840,456,340
2841,456,424
2842,456,576
2843,456,693
2844,456,828
2845,456,876
2846,456,925
2847,457,0
2848,457,358
2849,457,711
2850,458,837
2851,458,886
2852,458,925
2853,459,1
2854,459,226
2855,459,341
2856,459,577
2857,459,694
2858,459,925
2859,460,1
2860,460,174
2861,460,291
2862,460,523
2863,460,643
2864,460,925
2865,461,1
2866,461,113
2867,461,227
2868,461,342
2869,461,463
2870,461,578
2871,461,695
2872,461,835
2873,461,884
2874,461,925
2875,462,1
2876,462,70
2877,462,419
2878,463,0
2879,463,59
2880,463,118
2881,463,236
2882,463,409
2883,463,468
2884,463,587
2885,463,872
2886,463,911
2887,463,925
2888,464,0
2889,464,14
2890,464,153
2891,464,270
2892,464,363
2893,464,502
2894,464,621
2895,464,873
2896,464,922
2897,464,925
2898,465,1
2899,465,47
2900,465,398
2901,466,1
2902,466,15
2903,466,170
2904,466,287
2905,466,364
2906,466,519
2907,466,639
2908,466,873
2909,466,922
2910,466,925
2911,467,0
2912,467,126
2913,467,243
2914,467,477
2915,467,594
2916,467,925
2917,468,1
2918,468,111
2919,468,462
2920,469,8
2921,469,114
2922,469,464
2923,470,1
2924,470,137
2925,470,254
2926,470,487
2927,470,606
2928,470,925
2929,471,0
2930,471,154
2931,471,503
2932,472,0
2933,472,22
2934,472,126
2935,472,243
2936,472,372
2937,472,477
2938,472,594
2939,472,839
2940,472,880
2941,472,925
2942,473,0
2943,473,59
2944,473,173
2945,473,290
2946,473,409
2947,473,522
2948,473,642
2949,473,835
2950,473,884
2951,473,925
2952,474,1
2953,474,72
2954,474,421
2955,475,1
2956,475,115
2957,475,226
2958,475,341
2959,475,465
2960,475,577
2961,475,694
2962,475,835
2963,475,884
2964,475,925
2965,476,1
2966,476,18
2967,476,124
2968,476,367
2969,476,474
2970,476,831
2971,477,3
2972,477,69
2973,477,418
2974,478,3
2975,478,40
2976,478,239
2977,478,376
2978,478,588
2979,478,883
2980,479,5
2981,479,116
2982,479,343
2983,479,466
2984,479,696
2985,479,878
2986,480,1
2987,480,25
2988,480,208
2989,480,320
2990,480,369
2991,480,559
2992,480,673
2993,480,847
2994,480,895
2995,480,925
2996,481,1
2997,481,120
2998,481,258
2999,481,470
3000,481,610
3001,481,931
3002,482,1
3003,482,106
3004,482,228
3005,482,344
3006,482,456
3007,482,579
3008,482,697
3009,482,835
3010,482,884
3011,482,925
3012,483,1
3013,483,229
3014,483,345
3015,483,580
3016,483,698
3017,483,925
3018,484,2
3019,484,25
3020,484,119
3021,484,237
3022,484,376
3023,484,475
3024,484,595
3025,484,827
3026,484,875
3027,484,925
3028,485,0
3029,485,236
3030,485,587
3031,486,1
3032,486,17
3033,486,119
3034,486,237
3035,486,366
3036,486,469
3037,486,588
3038,486,832
3039,486,881
3040,486,925
3041,487,6
3042,487,359
3043,487,712
3044,488,0
3045,488,230
3046,488,346
3047,488,581
3048,488,699
3049,488,925
3050,489,1
3051,489,17
3052,489,366
3053,490,0
3054,490,217
3055,490,330
3056,490,568
3057,490,683
3058,490,925
3059,491,0
3060,491,231
3061,491,582
3062,492,3
3063,492,146
3064,492,239
3065,492,475
3066,492,588
3067,492,926
3068,493,3
3069,493,191
3070,493,541
3071,494,3
3072,494,13
3073,494,146
3074,494,370
3075,494,475
3076,494,860
3077,495,1
3078,495,117
3079,495,467
3080,496,3
3081,496,13
3082,496,121
3083,496,370
3084,496,469
3085,496,830
3086,497,3
3087,497,44
3088,497,121
3089,497,395
3090,497,469
3091,497,839
3092,498,3
3093,498,204
3094,498,347
3095,498,555
3096,498,700
3097,498,925
3098,499,0
3099,499,81
3100,499,118
3101,499,236
3102,499,431
3103,499,468
3104,499,587
3105,499,854
3106,499,902
3107,499,925
3108,500,1
3109,500,29
3110,500,232
3111,500,329
3112,500,380
3113,500,583
3114,500,682
3115,500,872
3116,500,911
3117,500,925
3118,501,1
3119,501,20
3120,501,119
3121,501,348
3122,501,370
3123,501,469
3124,501,701
3125,501,830
3126,501,895
3127,501,932
3128,502,1
3129,502,94
3130,502,303
3131,502,444
3132,502,655
3133,502,876
3134,503,2
3135,503,25
3136,503,119
3137,503,376
3138,503,475
3139,503,827
3140,504,376
3141,504,530
3142,504,677
3143,504,849
3144,504,897
3145,504,925
3146,505,1
3147,505,73
3148,505,422
3149,506,0
3150,506,91
3151,506,442
3152,507,1
3153,507,19
3154,507,160
3155,507,349
3156,507,368
3157,507,509
3158,507,702
3159,507,835
3160,507,923
3161,507,933
3162,508,2
3163,508,16
3164,508,365
3165,509,1
3166,509,46
3167,509,397
3168,510,1
3169,510,76
3170,510,425
3171,511,2
3172,511,233
3173,511,350
3174,511,584
3175,511,703
3176,511,925
3177,512,1
3178,512,171
3179,512,520
3180,513,0
3181,513,153
3182,513,270
3183,513,356
3184,513,502
3185,513,621
3186,513,709
3187,513,925
3188,513,935
3189,513,938
3190,514,874
3191,514,924
3192,514,925
3193,515,1
3194,515,165
3195,515,301
3196,515,534
3197,515,653
3198,515,925
3199,516,2
3200,516,119
3201,516,475
3202,517,558
3203,517,672
3204,517,925
3205,518,1
3206,518,234
3207,518,351
3208,518,585
3209,518,704
3210,518,925
3211,519,42
3212,520,1
3213,520,10
3214,520,207
3215,520,319
3216,520,361
3217,520,558
3218,520,672
3219,520,851
3220,520,899
3221,520,925
3222,521,1
3223,521,207
3224,521,319
3225,521,558
3226,521,672
3227,521,925
3228,522,379
3229,522,558
3230,522,672
3231,522,830
3232,522,878
3233,522,925
3234,523,1
3235,523,172
3236,523,521
3237,524,1
3238,524,170
3239,524,287
3240,524,355
3241,524,519
3242,524,639
3243,524,708
3244,524,925
3245,524,935
3246,524,938
3247,525,1
3248,525,15
3249,525,229
3250,525,345
3251,525,364
3252,525,580
3253,525,698
3254,525,867
3255,525,916
3256,525,925
3257,526,0
3258,526,188
3259,526,243
3260,526,538
3261,526,594
3262,526,926
3263,527,713
3264,527,748
3265,527,761
3266,527,801
3267,527,814
3268,527,926
3269,528,713
3270,528,748
3271,528,773
3272,528,801
3273,528,825
3274,528,925
3275,529,715
3276,529,738
3277,529,766
3278,529,780
3279,529,818
3280,529,926
3281,530,0
3282,530,125
3283,530,267
3284,530,476
3285,530,618
3286,530,925
3287,531,1
3288,531,235
3289,531,352
3290,531,586
3291,531,705
3292,531,925
3293,532,369
3294,533,1
3295,533,209
3296,533,321
3297,533,562
3298,533,676
3299,533,925
3300,534,715
3301,534,722
3302,534,776
3303,535,715
3304,535,735
3305,535,763
3306,535,799
3307,535,826
3308,535,925
